tree id,number of nodes,entropy,normalized entropy
0,4,1.1369165918330009,0.820111964470926
1,3,0.8823109245150755,0.8031140135750122
2,3,0.9701157839869381,0.8830374409547586
3,3,0.8033149761408755,0.7312088026202268
4,2,0.6909233093138181,0.9967916319816367
5,2,0.39267446722755217,0.5665095065529053
6,2,0.6365141682948128,0.9182958340544894
